{
  "lang":"hr",
  "name":"pipeline",
  "version":"0.0.0",
  "spacy_version":">=3.5.3,<3.6.0",
  "description":"",
  "author":"",
  "email":"",
  "url":"",
  "license":"",
  "spacy_git_version":"512241e12",
  "vectors":{
    "width":0,
    "vectors":0,
    "keys":0,
    "name":null,
    "mode":"default"
  },
  "labels":{
    "tok2vec":[

    ],
    "ner":[
      "B-CELL_PHONE",
      "B-CITY",
      "B-COMPANY",
      "B-COU",
      "B-COUNTRY",
      "B-EMAIL",
      "B-FAX",
      "B-I",
      "B-IBAN",
      "B-MBS",
      "B-O",
      "B-OIB",
      "B-PHONE",
      "B-POST_NUMBER",
      "B-STREET",
      "B-WEBSITE",
      "C-COUNTRY",
      "I-CELL-PHONE",
      "I-CELL_PHONE",
      "I-CITY",
      "I-COMPANY",
      "I-EMAIL",
      "I-FAX",
      "I-IBAN",
      "I-OIB",
      "I-PHONE",
      "I-POST_NUMBER",
      "I-STREET",
      "I-WEBSITE",
      "I.S",
      "M-MBS",
      "P",
      "o"
    ]
  },
  "pipeline":[
    "tok2vec",
    "ner"
  ],
  "components":[
    "tok2vec",
    "ner"
  ],
  "disabled":[

  ],
  "performance":{
    "ents_f":0.7990275527,
    "ents_p":0.82996633,
    "ents_r":0.7703125,
    "ents_per_type":{
      "B-STREET":{
        "p":0.8055555556,
        "r":0.6744186047,
        "f":0.7341772152
      },
      "I-STREET":{
        "p":0.9310344828,
        "r":0.75,
        "f":0.8307692308
      },
      "B-COMPANY":{
        "p":0.6829268293,
        "r":0.7,
        "f":0.6913580247
      },
      "I-COMPANY":{
        "p":0.71875,
        "r":0.6216216216,
        "f":0.6666666667
      },
      "B-CITY":{
        "p":0.8604651163,
        "r":0.8222222222,
        "f":0.8409090909
      },
      "B-COUNTRY":{
        "p":0.8333333333,
        "r":0.9375,
        "f":0.8823529412
      },
      "B-OIB":{
        "p":0.8846153846,
        "r":0.92,
        "f":0.9019607843
      },
      "B-IBAN":{
        "p":0.9032258065,
        "r":0.9333333333,
        "f":0.9180327869
      },
      "B-MBS":{
        "p":0.8823529412,
        "r":0.7894736842,
        "f":0.8333333333
      },
      "I-IBAN":{
        "p":0.8,
        "r":1.0,
        "f":0.8888888889
      },
      "B-EMAIL":{
        "p":0.96,
        "r":0.8888888889,
        "f":0.9230769231
      },
      "B-POST_NUMBER":{
        "p":0.8333333333,
        "r":0.9459459459,
        "f":0.8860759494
      },
      "B-PHONE":{
        "p":0.962962963,
        "r":0.8125,
        "f":0.8813559322
      },
      "I-PHONE":{
        "p":0.9180327869,
        "r":0.8615384615,
        "f":0.8888888889
      },
      "I-EMAIL":{
        "p":0.0,
        "r":0.0,
        "f":0.0
      },
      "I-POST_NUMBER":{
        "p":0.75,
        "r":1.0,
        "f":0.8571428571
      },
      "B-FAX":{
        "p":0.8571428571,
        "r":0.75,
        "f":0.8
      },
      "I-FAX":{
        "p":0.8571428571,
        "r":0.6,
        "f":0.7058823529
      },
      "B-WEBSITE":{
        "p":0.6666666667,
        "r":1.0,
        "f":0.8
      },
      "B-CELL_PHONE":{
        "p":0.6363636364,
        "r":1.0,
        "f":0.7777777778
      },
      "I-CITY":{
        "p":0.8,
        "r":0.3636363636,
        "f":0.5
      },
      "I-CELL_PHONE":{
        "p":0.6842105263,
        "r":0.9285714286,
        "f":0.7878787879
      },
      "I-CELL-PHONE":{
        "p":0.0,
        "r":0.0,
        "f":0.0
      },
      "I.S":{
        "p":0.0,
        "r":0.0,
        "f":0.0
      }
    },
    "tok2vec_loss":133.0437974741,
    "ner_loss":843.9289870842
  }
}