{
  "lang":"hr",
  "name":"pipeline",
  "version":"0.0.0",
  "spacy_version":">=3.5.3,<3.6.0",
  "description":"",
  "author":"",
  "email":"",
  "url":"",
  "license":"",
  "spacy_git_version":"512241e12",
  "vectors":{
    "width":0,
    "vectors":0,
    "keys":0,
    "name":null,
    "mode":"default"
  },
  "labels":{
    "tok2vec":[

    ],
    "ner":[
      "B-CELL_PHONE",
      "B-CITY",
      "B-COMPANY",
      "B-COU",
      "B-COUNTRY",
      "B-EMAIL",
      "B-FAX",
      "B-I",
      "B-IBAN",
      "B-MBS",
      "B-O",
      "B-OIB",
      "B-PHONE",
      "B-POST_NUMBER",
      "B-STREET",
      "B-WEBSITE",
      "C-COUNTRY",
      "I-CELL-PHONE",
      "I-CELL_PHONE",
      "I-CITY",
      "I-COMPANY",
      "I-EMAIL",
      "I-FAX",
      "I-IBAN",
      "I-OIB",
      "I-PHONE",
      "I-POST_NUMBER",
      "I-STREET",
      "I-WEBSITE",
      "I.S",
      "M-MBS",
      "P",
      "o"
    ]
  },
  "pipeline":[
    "tok2vec",
    "ner"
  ],
  "components":[
    "tok2vec",
    "ner"
  ],
  "disabled":[

  ],
  "performance":{
    "ents_f":0.7970419063,
    "ents_p":0.8405545927,
    "ents_r":0.7578125,
    "ents_per_type":{
      "B-STREET":{
        "p":0.825,
        "r":0.7674418605,
        "f":0.7951807229
      },
      "I-STREET":{
        "p":0.8157894737,
        "r":0.8611111111,
        "f":0.8378378378
      },
      "B-COMPANY":{
        "p":0.8,
        "r":0.7,
        "f":0.7466666667
      },
      "I-COMPANY":{
        "p":0.8142857143,
        "r":0.5135135135,
        "f":0.6298342541
      },
      "B-CITY":{
        "p":0.8536585366,
        "r":0.7777777778,
        "f":0.8139534884
      },
      "B-COUNTRY":{
        "p":0.6363636364,
        "r":0.875,
        "f":0.7368421053
      },
      "B-OIB":{
        "p":0.9230769231,
        "r":0.96,
        "f":0.9411764706
      },
      "B-IBAN":{
        "p":0.8888888889,
        "r":0.8,
        "f":0.8421052632
      },
      "B-MBS":{
        "p":0.9333333333,
        "r":0.7368421053,
        "f":0.8235294118
      },
      "B-EMAIL":{
        "p":0.962962963,
        "r":0.962962963,
        "f":0.962962963
      },
      "B-POST_NUMBER":{
        "p":0.8717948718,
        "r":0.9189189189,
        "f":0.8947368421
      },
      "B-PHONE":{
        "p":0.9655172414,
        "r":0.875,
        "f":0.9180327869
      },
      "I-PHONE":{
        "p":0.8769230769,
        "r":0.8769230769,
        "f":0.8769230769
      },
      "I-EMAIL":{
        "p":0.0,
        "r":0.0,
        "f":0.0
      },
      "I-POST_NUMBER":{
        "p":0.75,
        "r":1.0,
        "f":0.8571428571
      },
      "B-FAX":{
        "p":0.8571428571,
        "r":0.75,
        "f":0.8
      },
      "I-FAX":{
        "p":1.0,
        "r":0.6,
        "f":0.75
      },
      "B-WEBSITE":{
        "p":1.0,
        "r":1.0,
        "f":1.0
      },
      "I-CITY":{
        "p":0.75,
        "r":0.2727272727,
        "f":0.4
      },
      "B-CELL_PHONE":{
        "p":0.875,
        "r":1.0,
        "f":0.9333333333
      },
      "I-IBAN":{
        "p":0.8,
        "r":1.0,
        "f":0.8888888889
      },
      "I-CELL_PHONE":{
        "p":0.6,
        "r":0.6428571429,
        "f":0.6206896552
      },
      "I-CELL-PHONE":{
        "p":0.0,
        "r":0.0,
        "f":0.0
      },
      "I.S":{
        "p":0.0,
        "r":0.0,
        "f":0.0
      },
      "I-WEBSITE":{
        "p":0.0,
        "r":0.0,
        "f":0.0
      }
    },
    "tok2vec_loss":163.7660677331,
    "ner_loss":306.6290258382
  }
}